CATEGORY;WORD
coverage;area
coverage;call
coverage;connect
coverage;coverage
coverage;network
coverage;reception
coverage;roaming
coverage;speed
coverage;transmission
coverage;wifi
display;blurr
display;display
display;monitor
display;pixel
display;screen
display;see
price;affordable
price;bill
price;charge
price;cheap
price;cost
price;discount
price;dollar
price;expensive
price;fee
price;invoice
price;money
price;offer
price;plan
price;rate
price;save
price;steal
price;surcharge
service;agent
service;assist
service;brilliant
service;center
service;centre
service;competent
service;friendly
service;help
service;hotline
service;music
service;outlet
service;person
service;queue
service;service
service;staff
service;support
service;worker
storagesize;byte
storagesize;capacity
storagesize;memory
storagesize;sim
storagesize;space
storagesize;storage
storagesize;storage